username, survey_question_2_zh_tw,email, name, organization, url, address, city, state, zip_code, phone, survey_question_1_en, survey_question_1_es, survey_question_2_en, survey_question_2_es, whitelabeled, from_email, finish_iframe_url, rtv_email_opt_in, rtv_sms_opt_in, ask_for_volunteers, partner_email_opt_in, partner_sms_opt_in, partner_ask_for_volunteers, asset_directory, registration_instructions_url, external_tracking_snippet
ejstest_1,電子郵件地址, jsebes+1@osdv.org, EJStest 1, EJStest 1, www.google.com, 1 Main St, Boston, MA, 02113, 123-456-7890, , , , , true, '','', true, false, true, false, true, false, partner_1,,
ejstest_2,abc, jsebes+2@osdv.org, EJStest 2, EJStest 2, www.google.com, 1 Main St, Boston, MA, 02113, 123-456-7890, , , , , true, '','', false, false, false, true, true, true, partner_2,,
ejstest_3,, jsebes+3@osdv.org, EJStest 3, EJStest 3, www.google.com, 1 Main St, Boston, MA, 02113, 123-456-7890, , , , , false, '','', true, true, true, true, true, true,,,
ejstest_4,abc, jsebes+4@osdv.org, EJStest 4, EJStest 4, www.google.com, 1 Main St, Boston, MA, 02113, 123-456-7890, , , , , false, '','', true, true, true, true, false, true,,,<some code>code snipped</some code>
